{"guid":"1f8b54de-28d1-4d6e-9241-36db0fd860b9","permissions":"000000000000000000000000000011111111111111111111111111111111111111111111111111111111111111111111111111111111111111111111111111","email":"dfernandez@frogandthebull.com","isInternalUser":false,"restaurant":"Frog \u0026 The Bull","location":"","restaurantId":37950000000000000,"restaurantGuid":"573f659e-ab58-43db-9c5e-c132de2373d8","testMode":false,"pendingActivation":false,"posVersion":"2.44.7","standaloneDigitalOrderingEnabled":false,"processingGiftCardsViaStripe":false,"toastCardsModuleEnabled":true,"kioskModuleEnabled":false,"pizzaMenuManagementEnabled":false,"masterMenuManagementEnabled":false,"onlineOrderingEnabled":true,"orderAndPayEnabled":false,"toastPayrollEnabled":false,"toastDeliverySystemEnabled":false,"isToastNow":false,"isSelfService":false,"loyaltyEnabled":false,"birthdayRewardsEnabled":false,"marketingEnabled":true,"isEcomm":false,"isPosRemote":false,"isPosPortalEnabled":false,"prepStationsAdded":true,"Online Ordering Menu Added":true,"Online Ordering Hours Set":true,"selfServiceReportingSectionCompleted":false}